Attr,Age,Dist,EmpNo,Gen,JobSat,Marital,M_Income,OT,PctSalHike,TotWY,Income_LY,JobSat2,Diff_Income
0,33,7,817,Male,3,Married,11691,No,11,14,10532,sat,1159
0,35,18,1412,Male,4,Single,9362,No,11,10,8434,sat,928
0,42,6,1911,Male,1,Married,13348,No,13,18,11812,unsat,1536
0,46,2,1204,Female,1,Married,17048,No,23,28,13860,unsat,3188
1,22,4,593,Male,3,Single,3894,No,16,4,3357,sat,537
0,24,21,1551,Male,1,Divorced,2296,No,14,2,2014,unsat,282
0,34,8,2068,Male,3,Married,4404,No,12,6,3932,sat,472
0,30,20,1084,Male,1,Married,9957,No,15,7,8658,unsat,1299
0,26,6,686,Female,4,Married,2659,Yes,13,3,2353,sat,306
1,24,3,720,Female,3,Single,4577,No,14,4,4015,sat,562
0,36,5,304,Male,2,Single,5914,No,16,16,5098,unsat,816
1,33,15,582,Male,3,Married,13610,Yes,12,15,12152,sat,1458
0,42,1,387,Male,3,Married,4907,No,25,20,3926,sat,981
0,39,9,2022,Male,4,Single,19431,No,13,21,17196,sat,2235
0,44,1,1683,Female,4,Divorced,3195,Yes,18,8,2708,sat,487
0,34,23,60,Male,3,Single,4568,No,20,10,3807,sat,761
0,30,5,197,Female,1,Divorced,3204,No,14,8,2811,unsat,393
1,58,2,918,Male,4,Divorced,2380,Yes,14,3,2088,sat,292
0,46,3,1863,Female,1,Divorced,13225,No,12,25,11808,unsat,1417
0,33,28,1549,Male,3,Married,5207,Yes,12,15,4649,sat,558
0,46,1,1069,Male,4,Divorced,19627,No,17,23,16775,sat,2852
1,32,7,1309,Male,3,Married,4883,No,18,10,4138,sat,745
0,40,8,1724,Female,1,Married,6516,Yes,16,18,5617,unsat,899
0,42,26,1242,Female,1,Married,13191,Yes,17,20,11274,unsat,1917
1,32,16,33,Female,1,Single,3919,Yes,22,10,3212,unsat,707
0,49,8,944,Female,2,Married,7403,No,11,29,6669,unsat,734
1,32,2,1692,Male,2,Single,1393,No,12,1,1244,unsat,149
0,52,3,776,Male,1,Married,16856,No,11,34,15186,unsat,1670
0,26,1,1893,Female,3,Married,2933,Yes,13,1,2596,sat,337
1,37,1,970,Male,3,Married,10609,No,11,17,9558,sat,1051
0,35,1,204,Male,2,Married,7295,No,13,10,6456,unsat,839
0,50,2,815,Male,3,Married,17639,No,16,30,15206,sat,2433
0,30,7,1224,Male,3,Divorced,3491,No,13,10,3089,sat,402
0,28,1,1834,Female,1,Married,3591,No,25,3,2873,unsat,718
0,27,3,714,Female,4,Divorced,4647,Yes,20,6,3872,sat,775
0,34,6,151,Female,2,Divorced,4505,No,15,12,3917,unsat,588
0,42,10,1408,Female,1,Married,16799,No,14,21,14736,unsat,2063
0,34,2,579,Male,3,Divorced,2768,No,12,14,2471,sat,297
1,28,1,1486,Male,3,Married,2909,No,15,5,2530,sat,379
0,38,14,1582,Male,2,Married,9924,No,11,10,8941,unsat,983
0,37,3,152,Male,4,Single,7428,No,12,12,6632,sat,796
0,45,1,336,Male,4,Married,19202,No,11,25,17299,sat,1903
0,35,25,1014,Female,3,Divorced,10388,Yes,11,16,9359,sat,1029
0,40,26,1066,Male,1,Married,8396,No,14,8,7365,unsat,1031
0,42,8,1860,Male,3,Single,3968,No,13,8,3512,sat,456
0,30,1,1989,Male,2,Married,3748,No,13,12,3317,unsat,431
0,36,3,238,Male,2,Single,2088,No,12,13,1864,unsat,224
1,26,5,848,Female,3,Married,2366,Yes,14,8,2075,sat,291
0,50,1,249,Male,3,Married,3690,No,15,5,3209,sat,481
0,30,2,198,Male,4,Single,2720,No,13,6,2407,sat,313
0,29,15,346,Male,4,Single,2340,No,19,6,1966,sat,374
0,45,28,1546,Male,4,Married,2132,No,20,8,1777,sat,355
1,31,1,1331,Female,2,Single,2302,Yes,11,3,2074,unsat,228
0,38,1,1995,Male,2,Married,4440,No,15,16,3861,unsat,579
0,50,2,905,Male,1,Divorced,17924,No,11,31,16148,unsat,1776
0,32,2,471,Female,2,Married,2370,No,13,8,2097,unsat,273
0,33,1,73,Female,4,Single,13458,Yes,12,15,12016,sat,1442
0,46,7,487,Female,3,Married,5258,No,14,7,4612,sat,646
0,45,10,544,Male,4,Married,2654,No,21,8,2193,sat,461
0,52,2,316,Female,4,Single,3212,No,15,6,2793,sat,419
0,47,16,987,Male,3,Divorced,5067,Yes,19,20,4258,sat,809
0,31,2,1721,Male,3,Married,3477,No,14,6,3050,sat,427
0,49,8,1138,Male,2,Married,13120,No,17,22,11214,unsat,1906
0,24,11,26,Female,3,Divorced,4011,No,18,5,3399,sat,612
0,32,15,1955,Female,4,Divorced,6667,No,18,9,5650,sat,1017
0,50,3,644,Male,2,Married,18200,No,11,32,16396,unsat,1804
0,34,7,28,Female,2,Single,11994,No,11,13,10805,unsat,1189
0,37,5,1440,Male,3,Single,3500,No,14,7,3070,sat,430
0,52,28,1401,Female,3,Married,13247,Yes,11,24,11934,sat,1313
0,46,18,624,Female,3,Married,10527,No,11,28,9484,sat,1043
1,32,2,1862,Male,2,Single,9907,Yes,12,7,8846,unsat,1061
0,38,2,24,Male,4,Single,3944,Yes,11,6,3553,sat,391
0,28,16,1947,Male,3,Single,2144,No,14,5,1881,sat,263
0,21,1,1131,Female,2,Single,2070,Yes,11,2,1865,unsat,205
0,26,5,2060,Female,3,Single,2966,No,18,5,2514,sat,452
0,53,1,682,Female,1,Single,8381,No,20,18,6984,unsat,1397
1,41,1,1,Female,4,Single,5993,Yes,11,8,5399,sat,594
1,36,16,1042,Female,1,Single,2743,No,16,18,2365,unsat,378
0,40,2,2048,Male,3,Single,2809,No,14,8,2464,sat,345
0,39,1,1737,Male,4,Married,6472,Yes,15,9,5628,sat,844
0,35,16,1529,Female,2,Single,8606,No,19,11,7232,unsat,1374
0,34,15,1485,Male,1,Divorced,17007,No,14,16,14918,unsat,2089
1,35,12,1667,Male,4,Single,4581,Yes,24,13,3694,sat,887
1,29,27,283,Female,4,Married,7639,No,22,10,6261,sat,1378
0,44,8,874,Male,4,Married,2818,Yes,24,10,2273,sat,545
0,38,10,1006,Male,3,Married,2684,No,17,3,2294,sat,390
0,43,27,1599,Male,2,Divorced,4876,No,12,8,4354,unsat,522
0,49,6,1661,Female,3,Married,13966,Yes,19,30,11736,sat,2230
1,28,24,19,Male,3,Single,2028,Yes,14,6,1779,sat,249
1,18,3,1624,Female,4,Single,1569,Yes,12,0,1401,sat,168
0,40,26,202,Female,2,Divorced,5605,No,11,20,5050,unsat,555
1,20,10,701,Male,3,Single,1009,Yes,11,1,909,sat,100
0,43,7,262,Male,4,Divorced,2089,No,14,7,1832,sat,257
0,36,2,1710,Female,4,Single,4502,No,15,17,3915,sat,587
0,20,3,1198,Male,3,Single,3033,No,12,2,2708,sat,325
0,43,9,663,Male,3,Divorced,5679,Yes,13,10,5026,sat,653
1,28,12,1175,Female,4,Married,2515,Yes,11,1,2266,sat,249
0,30,1,104,Male,4,Married,5126,Yes,12,10,4577,sat,549
0,49,2,2065,Male,2,Married,5390,No,14,17,4728,unsat,662
1,28,5,65,Male,3,Single,3441,Yes,13,2,3045,sat,396
0,34,3,847,Male,4,Married,3737,No,19,4,3140,sat,597
0,40,9,1449,Male,3,Divorced,3975,No,11,11,3581,sat,394
1,25,5,142,Male,3,Single,5744,Yes,11,6,5175,sat,569
0,33,2,1670,Male,4,Divorced,5505,No,14,6,4829,sat,676
0,47,25,1993,Male,3,Single,8633,No,23,25,7019,sat,1614
0,45,11,1045,Female,4,Married,17650,No,13,26,15619,sat,2031
0,35,8,805,Female,4,Married,2572,No,16,3,2217,sat,355
0,29,7,1260,Male,4,Divorced,6623,Yes,11,6,5967,sat,656
1,29,13,1487,Female,2,Single,5765,No,11,7,5194,unsat,571
0,46,2,38,Female,1,Single,18947,No,12,22,16917,unsat,2030
0,49,22,1655,Female,2,Married,16413,No,16,27,14149,unsat,2264
0,35,11,2003,Male,3,Married,2660,Yes,11,5,2396,sat,264
0,35,23,1826,Male,3,Married,2705,No,16,6,2332,sat,373
0,29,9,1709,Female,3,Married,2974,No,17,9,2542,sat,432
1,48,7,1691,Female,3,Married,2655,Yes,11,19,2392,sat,263
0,32,2,1235,Female,3,Single,4998,Yes,14,10,4384,sat,614
0,59,1,91,Female,3,Single,5473,No,11,20,4931,sat,542
0,25,3,879,Male,1,Married,4194,Yes,18,5,3554,unsat,640
0,45,25,1888,Female,4,Married,5906,No,13,10,5227,sat,679
0,31,2,424,Male,1,Married,6410,No,12,9,5723,unsat,687
0,21,5,1623,Male,4,Single,3117,No,18,3,2642,sat,475
0,43,15,1666,Male,3,Married,17603,No,24,14,14196,sat,3407
0,36,2,1847,Female,2,Married,6962,Yes,22,15,5707,unsat,1255
0,38,17,1088,Female,3,Married,8823,No,18,20,7477,sat,1346
0,35,1,314,Female,3,Single,8789,No,14,10,7710,sat,1079
0,39,21,1390,Male,4,Married,6120,Yes,12,8,5464,sat,656
0,33,25,1220,Female,3,Married,4539,No,12,10,4053,sat,486
0,33,25,1545,Male,2,Single,4320,No,13,5,3823,unsat,497
0,42,12,1943,Male,4,Divorced,5087,Yes,12,14,4542,sat,545
0,28,9,498,Male,4,Single,5253,No,16,7,4528,sat,725
0,56,1,2026,Male,3,Divorced,6306,No,21,13,5212,sat,1094
0,55,2,1074,Male,1,Single,16756,No,15,31,14570,unsat,2186
0,51,8,296,Male,2,Married,12490,No,16,16,10767,unsat,1723
0,29,21,20,Female,1,Divorced,9980,No,11,10,8991,unsat,989
0,55,26,1973,Male,2,Married,19636,Yes,18,35,16641,unsat,2995
1,30,4,514,Male,4,Single,2285,Yes,23,3,1858,sat,427
0,35,1,105,Male,3,Single,2859,No,18,6,2423,sat,436
0,42,2,1109,Male,1,Married,17665,No,17,23,15098,unsat,2567
0,34,1,1447,Female,2,Married,3294,No,17,7,2815,unsat,479
0,41,6,298,Female,4,Single,13591,Yes,18,16,11518,sat,2073
0,29,2,94,Male,2,Married,2703,No,23,6,2198,unsat,505
0,38,12,837,Male,1,Divorced,6288,No,15,13,5468,unsat,820
0,27,2,54,Female,1,Divorced,2341,No,13,1,2072,unsat,269
0,40,9,287,Male,4,Married,4876,No,14,5,4277,sat,599
0,31,2,1613,Male,1,Single,5332,No,13,10,4719,unsat,613
0,39,9,1132,Male,2,Single,6782,No,15,9,5897,unsat,885
1,33,14,325,Male,4,Married,2436,Yes,13,8,2156,sat,280
1,49,28,1420,Male,1,Single,4284,No,20,20,3570,unsat,714
0,34,8,808,Female,1,Married,6500,No,17,6,5556,unsat,944
0,25,28,183,Male,3,Married,8639,No,18,6,7321,sat,1318
1,29,24,1928,Male,1,Single,1091,No,17,1,932,unsat,159
0,37,10,2017,Female,4,Married,13744,Yes,25,16,10995,sat,2749
0,32,5,1764,Male,2,Single,2718,No,14,12,2384,unsat,334
0,27,9,1965,Male,4,Single,4105,No,14,7,3601,sat,504
1,24,9,1494,Male,1,Single,3172,Yes,11,4,2858,unsat,314
0,57,1,482,Male,3,Married,6755,No,11,15,6086,sat,669
1,23,6,811,Male,1,Married,1601,Yes,21,1,1323,unsat,278
0,46,1,1602,Male,1,Single,17567,No,15,27,15276,unsat,2291
0,38,10,1119,Male,3,Divorced,8740,Yes,14,9,7667,sat,1073
0,19,3,201,Female,2,Single,1483,No,14,1,1301,unsat,182
0,30,8,1015,Female,1,Married,11416,Yes,12,9,10193,unsat,1223
0,47,14,1934,Male,2,Married,5467,No,18,16,4633,unsat,834
0,38,1,1668,Male,4,Married,4735,No,15,19,4117,sat,618
0,24,9,1707,Male,3,Married,4401,No,16,5,3794,sat,607
0,27,1,725,Female,1,Married,7412,No,11,9,6677,unsat,735
0,41,9,200,Male,1,Married,2238,No,21,7,1850,unsat,388
0,51,2,408,Male,2,Divorced,5482,No,18,13,4646,unsat,836
1,35,10,1639,Male,1,Married,10306,No,17,15,8809,unsat,1497
0,49,18,638,Male,3,Divorced,19502,Yes,17,31,16668,sat,2834
0,34,9,717,Female,2,Single,8621,No,14,9,7562,unsat,1059
0,36,10,592,Male,4,Single,9980,No,14,10,8754,sat,1226
0,44,1,68,Female,1,Divorced,5454,Yes,21,9,4507,unsat,947
1,29,24,1868,Male,4,Single,2439,Yes,24,1,1967,sat,472
0,32,1,78,Male,4,Married,6162,Yes,22,9,5051,sat,1111
1,29,18,315,Male,4,Single,2389,Yes,13,4,2114,sat,275
1,35,27,1797,Male,4,Single,5813,Yes,18,10,4926,sat,887
0,37,14,515,Female,1,Divorced,3034,No,12,18,2709,unsat,325
0,39,24,2056,Female,4,Married,12031,No,11,21,10839,sat,1192
0,40,16,1641,Female,4,Single,7945,Yes,15,18,6909,sat,1036
0,56,7,112,Male,4,Single,7260,No,11,37,6541,sat,719
0,30,29,1568,Male,2,Married,9250,No,12,9,8259,unsat,991
1,32,11,631,Male,3,Married,4707,No,12,6,4203,sat,504
1,53,24,1968,Male,1,Single,10448,Yes,13,15,9246,unsat,1202
0,36,5,51,Female,1,Married,3419,Yes,14,6,2999,unsat,420
0,33,13,995,Female,4,Single,3452,No,18,5,2925,sat,527
0,28,4,129,Male,3,Married,4221,No,15,5,3670,sat,551
0,54,7,1830,Female,4,Married,6854,No,15,14,5960,sat,894
1,29,23,1165,Female,1,Married,7336,No,13,11,6492,unsat,844
0,55,14,254,Male,2,Single,18722,No,11,36,16867,unsat,1855
0,40,14,1598,Female,1,Married,4639,No,15,5,4034,unsat,605
1,29,1,2027,Male,4,Married,4787,Yes,14,4,4199,sat,588
0,22,1,2007,Male,3,Single,3375,No,12,4,3013,sat,362
0,29,20,1852,Male,4,Married,3812,No,13,11,3373,sat,439
0,28,3,1121,Female,2,Divorced,7655,No,17,10,6543,unsat,1112
0,31,8,1461,Female,2,Single,2109,No,18,8,1787,unsat,322
0,44,2,1496,Male,3,Single,10209,Yes,18,16,8652,sat,1557
0,22,19,217,Male,4,Married,2323,No,24,2,1873,sat,450
0,31,2,1974,Female,4,Divorced,1129,Yes,11,1,1017,sat,112
0,50,29,569,Male,3,Married,17046,No,15,28,14823,sat,2223
0,35,16,14,Male,2,Married,2426,No,13,6,2147,unsat,279
0,46,2,575,Male,3,Married,17861,No,13,26,15806,sat,2055
0,40,9,1548,Male,1,Married,5473,No,12,9,4887,unsat,586
0,37,1,1196,Female,4,Married,6474,No,13,14,5729,sat,745
0,59,2,140,Female,4,Married,18844,No,21,30,15574,sat,3270
0,55,26,1578,Male,4,Married,19586,No,21,36,16187,sat,3399
0,22,16,22,Male,4,Divorced,2935,Yes,13,1,2597,sat,338
1,44,1,1098,Male,1,Married,10482,No,14,24,9195,unsat,1287
1,23,7,1702,Male,4,Divorced,2275,Yes,21,3,1880,sat,395
0,47,2,1443,Female,3,Married,17169,No,19,26,14428,sat,2741
0,50,9,1591,Male,3,Married,19331,Yes,16,27,16665,sat,2666
0,35,25,899,Male,2,Married,10903,No,16,16,9399,unsat,1504
0,31,4,1916,Female,3,Divorced,3978,No,12,4,3552,sat,426
0,33,8,1515,Male,3,Single,6388,Yes,17,14,5460,sat,928
0,35,28,1554,Female,3,Married,2430,No,23,6,1976,sat,454
0,39,1,417,Male,4,Divorced,9613,No,17,19,8216,sat,1397
0,46,2,363,Female,2,Married,16872,Yes,12,28,15064,unsat,1808
0,36,6,373,Male,4,Married,3210,No,11,16,2892,sat,318
0,41,4,1722,Male,2,Married,6430,No,19,10,5403,unsat,1027
0,33,7,1970,Male,3,Divorced,5968,No,20,9,4973,sat,995
0,37,6,378,Male,4,Married,6502,No,14,7,5704,sat,798
0,38,6,107,Female,4,Divorced,5329,Yes,12,17,4758,sat,571
0,38,2,803,Female,1,Single,5980,Yes,12,17,5339,unsat,641
0,46,18,550,Female,3,Divorced,4810,No,14,19,4219,sat,591
0,18,1,1368,Female,4,Single,1611,No,15,0,1401,sat,210
0,39,6,1588,Male,3,Married,8237,No,11,11,7421,sat,816
0,32,5,1607,Female,4,Married,3312,No,17,6,2831,sat,481
0,39,19,1871,Male,4,Divorced,3902,No,14,7,3423,sat,479
0,41,9,999,Male,3,Divorced,19419,No,17,21,16597,sat,2822
0,22,26,1605,Female,3,Married,2814,Yes,14,4,2468,sat,346
0,25,19,1358,Male,4,Married,3669,No,11,7,3305,sat,364
0,53,2,1472,Male,2,Single,16598,No,12,35,14820,unsat,1778
0,52,8,1409,Female,1,Married,2950,No,13,12,2611,unsat,339
0,47,4,1827,Female,2,Divorced,10333,Yes,12,28,9226,unsat,1107
0,32,9,679,Female,4,Married,6322,Yes,12,6,5645,sat,677
0,41,7,1035,Female,3,Divorced,19973,No,22,21,16371,sat,3602
0,30,8,982,Male,3,Divorced,7264,No,11,10,6544,sat,720
0,27,3,850,Male,4,Married,1706,No,11,0,1537,sat,169
0,36,6,97,Female,4,Married,3038,No,12,5,2712,sat,326
0,26,23,72,Female,4,Married,4157,Yes,19,5,3493,sat,664
1,36,9,27,Male,1,Single,3407,No,23,10,2770,unsat,637
0,52,1,259,Male,3,Married,19999,No,14,34,17543,sat,2456
0,40,2,1986,Female,2,Married,5677,No,14,15,4980,unsat,697
0,43,8,526,Female,3,Divorced,4522,Yes,14,8,3967,sat,555
0,42,29,1148,Male,4,Single,4272,No,19,16,3590,sat,682
0,41,5,1814,Male,2,Single,6870,No,12,11,6134,unsat,736
0,32,29,2010,Female,2,Single,2837,No,13,6,2511,unsat,326
0,34,4,523,Female,3,Married,6538,No,15,6,5685,sat,853
1,34,24,1489,Female,2,Single,4599,Yes,23,16,3739,unsat,860
0,47,4,467,Male,3,Single,2976,No,19,5,2501,sat,475
0,31,7,1833,Female,1,Married,9637,No,14,9,8454,unsat,1183
0,30,28,441,Female,4,Married,5775,No,13,11,5111,sat,664
0,42,5,1029,Male,3,Married,18303,No,13,21,16197,sat,2106
0,30,25,475,Female,3,Married,4736,Yes,12,4,4229,sat,507
0,53,1,1775,Female,3,Married,12965,Yes,20,27,10804,sat,2161
1,28,17,1960,Male,4,Divorced,2367,No,12,6,2113,sat,254
0,29,15,15,Female,3,Single,4193,Yes,12,10,3744,sat,449
1,40,22,492,Male,3,Married,6380,Yes,12,8,5696,sat,684
0,36,8,878,Male,1,Married,2342,No,21,6,1936,unsat,406
0,35,22,381,Female,2,Divorced,11996,No,18,10,10166,unsat,1830
0,35,1,1369,Female,4,Married,5363,No,12,10,4788,sat,575
0,41,7,1025,Female,3,Single,5003,No,14,8,4389,sat,614
0,32,7,1446,Male,4,Married,9204,No,12,7,8218,sat,986
0,39,15,1975,Male,1,Single,13341,No,12,21,11912,unsat,1429
0,46,2,1732,Male,4,Divorced,10368,Yes,12,13,9257,sat,1111
1,31,16,1761,Male,3,Married,8161,No,13,10,7222,sat,939
0,31,8,1430,Female,2,Single,16422,No,11,9,14795,unsat,1627
0,34,1,1184,Male,1,Single,5343,No,20,14,4452,unsat,891
1,37,10,1809,Male,1,Single,4213,No,15,10,3663,unsat,550
0,20,2,1657,Female,3,Single,2783,No,19,2,2339,sat,444
0,24,24,632,Male,4,Married,2400,No,13,3,2124,sat,276
0,39,10,1618,Male,1,Married,5377,No,13,10,4758,unsat,619
1,30,1,1562,Male,1,Married,9714,No,11,10,8751,unsat,963
1,26,16,394,Male,2,Divorced,2373,Yes,13,5,2100,unsat,273
0,58,1,1423,Female,1,Married,19701,Yes,21,32,16282,unsat,3419
0,33,4,1771,Male,2,Divorced,3055,No,15,11,2657,unsat,398
0,35,1,2052,Female,4,Married,2977,No,12,4,2658,sat,319
0,49,25,1617,Female,1,Married,3211,No,14,10,2817,unsat,394
0,31,5,423,Male,4,Married,4821,Yes,12,6,4304,sat,517
0,29,10,463,Female,2,Divorced,8268,Yes,14,7,7253,unsat,1015
0,24,1,1981,Male,3,Single,4617,No,12,4,4122,sat,495
1,35,18,1380,Female,3,Married,4614,Yes,18,5,3910,sat,704
1,56,14,161,Female,2,Married,4963,Yes,18,7,4206,unsat,757
0,28,26,1387,Male,1,Married,4724,No,11,5,4256,unsat,468
0,35,3,704,Male,3,Married,1281,No,18,1,1086,sat,195
0,54,9,1969,Female,3,Married,2897,No,11,9,2610,sat,287
0,30,16,1479,Male,3,Married,5301,No,15,4,4610,sat,691
0,42,29,547,Female,3,Divorced,4556,No,11,19,4105,sat,451
0,54,2,126,Female,3,Married,13549,No,12,16,12097,sat,1452
0,59,18,1283,Male,4,Single,10512,No,12,25,9386,sat,1126
0,52,29,2019,Male,4,Divorced,3482,No,15,16,3028,sat,454
0,38,15,461,Male,4,Divorced,11510,Yes,14,12,10096,sat,1414
0,31,9,493,Male,2,Single,2657,Yes,16,3,2291,unsat,366
0,33,10,1268,Male,3,Divorced,8380,Yes,14,10,7351,sat,1029
0,33,15,2009,Female,4,Married,4878,Yes,13,10,4317,sat,561
0,44,4,852,Male,2,Single,5933,No,12,10,5297,unsat,636
1,19,1,235,Female,1,Single,2325,No,21,1,1921,unsat,404
0,37,2,139,Male,4,Divorced,5163,No,14,17,4529,sat,634
0,35,8,1164,Male,3,Single,4323,No,17,6,3695,sat,628
0,37,10,802,Female,1,Divorced,2782,Yes,13,6,2462,unsat,320
0,36,10,1880,Female,3,Married,5673,Yes,13,10,5020,sat,653
0,33,2,39,Male,4,Single,2496,No,11,7,2249,sat,247
1,31,8,1433,Female,2,Single,1261,No,12,1,1126,unsat,135
0,49,3,1509,Female,1,Married,4789,No,25,10,3831,unsat,958
0,43,12,520,Male,2,Divorced,14336,No,11,25,12915,unsat,1421
0,30,9,41,Male,3,Single,2206,No,13,10,1952,sat,254
1,33,2,328,Female,1,Married,2707,No,20,13,2256,unsat,451
0,35,22,577,Male,3,Single,4230,No,15,6,3678,sat,552
0,28,29,1514,Male,2,Married,6549,No,14,8,5745,unsat,804
0,34,21,621,Male,4,Single,5337,No,12,10,4765,sat,572
1,41,5,1210,Male,1,Divorced,2107,No,17,5,1801,unsat,306
0,30,27,747,Male,4,Divorced,5304,No,23,10,4312,sat,992
1,34,16,1905,Male,1,Married,2307,Yes,23,5,1876,unsat,431
0,57,29,568,Male,4,Divorced,14118,No,12,32,12605,sat,1513
1,31,2,1379,Female,4,Single,2785,No,14,3,2443,sat,342
0,37,7,1885,Male,1,Married,4284,Yes,22,16,3511,unsat,773
1,28,2,440,Male,4,Married,3464,Yes,13,5,3065,sat,399
0,38,7,1382,Male,3,Divorced,2610,No,11,4,2351,sat,259
0,29,23,495,Male,4,Single,2201,No,16,6,1897,sat,304
0,28,5,916,Male,4,Single,4908,No,14,4,4305,sat,603
0,42,4,1171,Male,1,Single,5155,No,13,9,4562,unsat,593
0,29,8,1544,Female,1,Married,9715,No,13,9,8597,unsat,1118
0,38,9,245,Female,4,Single,2288,No,12,2,2043,sat,245
0,56,4,1191,Female,1,Divorced,19943,No,13,28,17649,unsat,2294
0,31,2,604,Male,4,Single,6582,Yes,13,10,5825,sat,757
0,34,1,649,Male,4,Married,3622,Yes,13,6,3205,sat,417
0,35,16,406,Male,2,Married,8020,No,15,12,6974,unsat,1046
0,35,8,1630,Female,3,Married,4148,No,12,15,3704,sat,444
0,35,16,1886,Female,2,Married,4788,Yes,11,4,4314,unsat,474
1,40,7,1649,Male,1,Single,2166,Yes,14,10,1900,unsat,266
0,27,6,1162,Male,3,Married,2539,No,13,4,2247,sat,292
0,41,3,2037,Male,2,Divorced,8938,No,11,14,8052,unsat,886
0,37,5,460,Male,4,Divorced,6347,No,16,8,5472,sat,875
1,31,6,163,Male,3,Married,6172,Yes,18,12,5231,sat,941
0,25,4,885,Male,1,Married,4256,No,12,5,3800,unsat,456
0,40,1,453,Male,4,Married,7457,Yes,22,6,6112,sat,1345
0,34,10,1774,Male,3,Divorced,4001,Yes,14,15,3510,sat,491
0,27,9,218,Male,2,Divorced,2024,No,18,6,1715,unsat,309
0,38,23,12,Male,3,Single,9526,No,21,10,7873,sat,1653
0,36,9,1949,Male,2,Married,2810,No,22,5,2303,unsat,507
1,33,16,1758,Female,1,Single,8564,Yes,20,11,7137,unsat,1427
0,30,3,680,Female,3,Divorced,2083,No,20,1,1736,sat,347
0,58,23,1308,Male,3,Divorced,2372,No,12,2,2118,sat,254
0,39,8,602,Female,3,Married,3755,No,11,8,3383,sat,372
0,30,24,11,Male,3,Divorced,2693,No,22,1,2207,sat,486
0,48,2,712,Male,2,Married,8120,No,12,12,7250,unsat,870
0,38,10,2015,Female,3,Married,13206,No,12,20,11791,sat,1415
0,38,2,1355,Female,1,Divorced,6893,No,15,11,5994,unsat,899
1,28,2,364,Male,3,Single,3485,No,11,5,3140,sat,345
0,25,4,527,Female,4,Single,4487,Yes,11,5,4042,sat,445
0,37,1,1700,Male,4,Divorced,9525,No,14,6,8355,sat,1170
0,53,2,1050,Female,2,Married,7525,No,12,30,6719,unsat,806
0,38,1,743,Female,3,Single,7861,Yes,14,10,6896,sat,965
0,31,9,581,Male,2,Divorced,10648,No,25,13,8518,unsat,2130
0,28,2,1296,Male,4,Married,3867,Yes,12,2,3453,sat,414
0,30,2,833,Female,4,Single,6877,Yes,24,12,5546,sat,1331
0,35,9,496,Male,2,Single,6540,No,19,10,5496,unsat,1044
0,43,9,1813,Male,3,Single,2438,No,13,7,2158,sat,280
0,48,1,664,Female,1,Married,15402,No,11,21,13876,unsat,1526
0,41,10,199,Male,1,Divorced,17181,No,13,21,15204,unsat,1977
1,26,3,510,Male,1,Single,3102,No,22,7,2543,unsat,559
0,28,7,1507,Male,1,Single,4898,No,14,5,4296,unsat,602
0,36,24,419,Female,2,Married,5674,No,15,11,4934,unsat,740
0,27,8,1094,Male,3,Married,4621,No,19,3,3883,sat,738
0,43,26,158,Male,4,Married,16959,Yes,12,25,15142,sat,1817
0,41,9,1772,Male,1,Divorced,2289,No,20,5,1908,unsat,381
0,24,10,507,Female,3,Divorced,4260,Yes,12,5,3804,sat,456
0,35,8,63,Male,4,Married,2269,No,19,1,1907,sat,362
0,54,3,303,Female,1,Married,5940,No,14,16,5211,unsat,729
0,31,2,1996,Male,3,Married,3067,No,19,3,2577,sat,490
0,40,2,1346,Male,4,Single,4661,No,13,9,4125,sat,536
1,19,22,167,Male,3,Single,1675,Yes,19,0,1408,sat,267
0,47,2,574,Female,4,Divorced,5070,No,13,20,4487,sat,583
0,33,1,855,Male,1,Divorced,4037,No,22,9,3309,unsat,728
0,36,3,1257,Male,2,Married,3692,No,12,12,3296,unsat,396
0,27,2,1898,Female,3,Single,6500,No,14,9,5702,sat,798
0,26,3,1581,Female,4,Married,2061,No,21,1,1703,sat,358
0,29,20,974,Female,4,Married,2157,No,15,3,1876,sat,281
0,32,24,772,Male,4,Married,5309,No,15,10,4617,sat,692
0,52,3,543,Male,3,Married,7969,Yes,14,28,6990,sat,979
1,29,14,1421,Female,4,Single,7553,Yes,12,9,6744,sat,809
1,35,14,1010,Male,2,Divorced,3743,Yes,24,5,3019,unsat,724
0,27,5,1850,Female,4,Single,2379,Yes,14,6,2087,sat,292
0,55,1,374,Male,1,Single,19045,Yes,14,37,16706,unsat,2339
0,48,22,1900,Female,4,Divorced,17174,No,11,24,15472,sat,1702
0,40,26,1180,Female,4,Married,4422,Yes,13,16,3913,sat,509
0,37,11,306,Male,4,Divorced,12185,Yes,14,10,10689,sat,1496
1,25,24,1273,Male,4,Single,1118,Yes,14,1,981,sat,137
0,37,6,474,Male,1,Divorced,5974,Yes,13,13,5287,unsat,687
0,32,3,727,Female,4,Single,11159,No,15,10,9703,sat,1456
0,33,6,692,Male,4,Divorced,7725,No,23,15,6280,sat,1445
0,31,24,1736,Female,4,Single,5238,No,20,9,4365,sat,873
0,29,2,1513,Female,2,Married,3180,No,13,4,2814,unsat,366
0,34,3,1115,Male,4,Married,2979,No,17,6,2546,sat,433
0,32,5,21,Male,2,Divorced,3298,Yes,12,7,2945,unsat,353
0,35,1,1172,Male,3,Married,2258,No,12,10,2016,sat,242
0,52,4,546,Female,4,Married,16555,No,13,31,14650,sat,1905
0,41,23,1678,Male,3,Single,7082,Yes,16,21,6105,sat,977
0,32,2,1190,Female,1,Divorced,2827,No,12,1,2524,unsat,303
0,47,14,728,Male,1,Single,4960,No,12,20,4429,unsat,531
0,43,15,754,Male,4,Married,6804,No,18,7,5766,sat,1038
0,36,1,479,Female,4,Single,6653,No,15,7,5785,sat,868
1,29,25,565,Female,2,Married,2546,No,16,6,2195,unsat,351
0,26,1,1083,Male,1,Married,3955,No,16,6,3409,unsat,546
1,29,9,1752,Female,2,Single,2760,No,13,2,2442,unsat,318
0,33,3,910,Male,2,Divorced,2277,Yes,11,7,2051,unsat,226
0,45,7,341,Male,3,Married,6434,No,17,9,5499,sat,935
0,37,25,1161,Female,4,Divorced,5731,No,13,9,5072,sat,659
1,29,1,300,Male,3,Single,2058,No,14,7,1805,sat,253
0,37,10,715,Male,4,Single,4680,No,17,4,4000,sat,680
0,34,5,1696,Male,4,Married,3986,No,14,15,3496,sat,490
0,32,1,2016,Female,4,Married,10422,No,19,14,8758,sat,1664
0,44,29,1225,Male,4,Single,4541,No,25,20,3633,sat,908
0,25,7,143,Male,4,Married,2889,No,11,2,2603,sat,286
0,38,2,773,Male,3,Married,3057,Yes,13,6,2705,sat,352
0,34,3,1658,Female,2,Divorced,5433,No,12,11,4851,unsat,582
0,34,26,1374,Female,3,Divorced,2029,No,20,5,1691,sat,338
0,33,5,428,Female,2,Married,11878,No,11,12,10701,unsat,1177
1,43,9,1188,Female,3,Single,5346,No,13,7,4731,sat,615
0,60,7,549,Female,1,Married,19566,No,11,33,17627,unsat,1939
0,49,20,170,Female,1,Married,6567,No,14,16,5761,unsat,806
0,40,9,1166,Female,3,Single,13499,No,17,20,11538,sat,1961
0,40,2,1474,Male,3,Divorced,2345,No,14,8,2057,sat,288
1,30,22,1004,Female,3,Married,2132,Yes,11,7,1921,sat,211
0,42,28,551,Female,4,Married,4523,No,11,7,4075,sat,448
0,26,6,1918,Male,4,Married,2544,No,18,8,2156,sat,388
0,39,1,1026,Female,4,Married,12742,No,16,21,10984,sat,1758
0,33,14,252,Female,2,Married,2756,No,13,8,2439,unsat,317
1,30,26,299,Female,1,Single,6696,No,15,9,5823,unsat,873
0,31,20,1135,Male,4,Married,2791,No,12,3,2492,sat,299
0,55,2,1096,Male,2,Married,10976,No,18,23,9302,unsat,1674
1,31,29,355,Male,2,Single,3479,No,11,6,3134,unsat,345
0,55,22,1694,Male,2,Divorced,3537,No,12,8,3158,unsat,379
0,46,3,1124,Male,3,Married,17465,No,12,23,15594,sat,1871
1,38,29,282,Male,1,Married,6673,Yes,19,17,5608,unsat,1065
0,53,2,23,Female,4,Married,15427,No,16,31,13299,sat,2128
0,51,6,1297,Female,3,Single,2838,No,14,8,2489,sat,349
0,23,10,784,Male,3,Single,3505,No,18,2,2970,sat,535
0,39,25,1397,Male,3,Married,10920,No,21,13,9025,sat,1895
0,42,2,2031,Male,3,Married,18880,No,11,24,17009,sat,1871
0,52,1,976,Male,4,Married,17099,No,15,26,14869,sat,2230
0,44,2,1703,Female,4,Married,7879,Yes,19,9,6621,sat,1258
0,40,10,954,Male,2,Divorced,9705,No,12,11,8665,unsat,1040
1,28,2,1504,Male,1,Single,2561,No,11,8,2307,unsat,254
0,31,20,1881,Male,3,Divorced,4197,No,11,10,3781,sat,416
0,40,2,521,Female,3,Married,3448,No,22,20,2826,sat,622
0,36,6,1221,Male,3,Divorced,2741,No,14,7,2404,sat,337
0,41,10,599,Male,4,Single,6230,No,14,16,5465,sat,765
1,35,23,261,Male,3,Married,5916,Yes,13,8,5235,sat,681
1,56,24,1907,Male,4,Single,2587,No,16,5,2230,sat,357
1,38,2,1573,Male,2,Married,4855,No,11,7,4374,unsat,481
1,18,3,405,Male,3,Single,1420,No,13,0,1257,sat,163
0,22,2,169,Male,4,Married,2523,No,14,3,2213,sat,310
0,54,17,1013,Female,3,Married,10739,No,11,22,9675,sat,1064
0,35,6,691,Male,4,Single,6646,No,13,17,5881,sat,765
0,35,5,464,Male,2,Single,8095,No,13,17,7164,unsat,931
0,36,13,829,Male,2,Married,2143,No,13,8,1896,unsat,247
1,46,9,1457,Male,4,Divorced,10096,No,11,28,9095,sat,1001
0,32,9,195,Male,4,Divorced,4668,No,17,9,3990,sat,678
0,32,1,134,Male,1,Single,2956,No,13,1,2616,unsat,340
0,29,1,1264,Female,4,Divorced,16124,No,14,9,14144,sat,1980
0,35,8,1243,Female,4,Married,10377,Yes,11,16,9349,sat,1028
0,30,12,533,Female,3,Single,6577,No,11,6,5925,sat,652
0,47,14,1503,Female,3,Married,4591,Yes,17,11,3924,sat,667
0,38,16,1583,Female,2,Single,4198,No,12,8,3748,unsat,450
0,31,1,1011,Female,1,Married,4148,No,12,4,3704,unsat,444
0,26,23,560,Female,4,Divorced,2886,No,22,3,2366,sat,520
0,27,17,233,Male,2,Married,3058,Yes,16,6,2636,unsat,422
0,40,14,1128,Male,3,Single,19626,No,14,21,17216,sat,2410
0,26,2,1407,Male,4,Single,3904,No,12,5,3486,sat,418
1,24,22,1714,Male,3,Married,1555,No,11,1,1401,sat,154
1,22,7,1878,Male,2,Single,2472,Yes,23,1,2010,unsat,462
0,37,21,267,Male,1,Married,3564,Yes,12,8,3182,unsat,382
0,27,8,458,Female,2,Married,6214,No,18,8,5266,unsat,948
0,29,7,912,Female,4,Divorced,2532,No,14,8,2221,sat,311
0,43,25,1076,Male,4,Divorced,10798,No,13,18,9556,sat,1242
1,55,13,1372,Male,3,Single,13695,Yes,17,24,11705,sat,1990
1,33,29,1101,Female,3,Single,4508,No,22,14,3695,sat,813
0,53,7,730,Male,3,Married,14814,No,19,32,12449,sat,2365
0,56,9,762,Male,4,Married,11103,No,11,30,10003,sat,1100
0,27,2,1371,Male,4,Single,5071,No,20,8,4226,sat,845
0,58,21,1938,Female,4,Married,17875,Yes,13,29,15819,sat,2056
1,51,8,179,Male,4,Single,10650,No,15,18,9261,sat,1389
0,39,3,760,Female,2,Married,6389,No,15,12,5556,unsat,833
1,36,9,90,Male,3,Married,3388,Yes,17,2,2896,sat,492
0,41,28,2034,Female,2,Married,13570,No,23,21,11033,unsat,2537
0,50,12,174,Female,4,Single,9208,No,11,16,8295,sat,913
0,31,7,76,Male,4,Divorced,5915,No,22,10,4848,sat,1067
0,40,10,483,Female,3,Married,2213,Yes,13,10,1958,sat,255
1,42,19,752,Male,3,Divorced,2759,Yes,12,7,2463,sat,296
0,36,17,1908,Male,2,Married,5507,No,16,12,4747,unsat,760
0,38,1,950,Female,1,Married,13582,No,13,15,12019,unsat,1563
0,29,10,749,Male,3,Single,2642,No,11,1,2380,sat,262
0,41,2,410,Male,2,Single,16015,No,19,22,13458,unsat,2557
0,42,2,1231,Male,1,Married,6272,No,16,10,5407,unsat,865
0,50,7,80,Female,3,Divorced,18740,Yes,12,29,16732,sat,2008
0,37,1,623,Female,4,Single,7491,No,17,12,6403,sat,1088
0,35,18,1621,Male,1,Married,5208,No,11,16,4692,unsat,516
0,58,2,1824,Male,2,Divorced,16291,No,22,37,13353,unsat,2938
0,29,27,793,Female,3,Married,4335,No,12,11,3871,sat,464
0,27,23,1864,Female,3,Married,3540,No,21,9,2926,sat,614
0,43,11,1971,Male,3,Married,7510,No,17,10,6419,sat,1091
0,25,8,2018,Female,3,Divorced,4907,Yes,22,6,4022,sat,885
0,37,4,311,Male,4,Divorced,2793,No,17,13,2387,sat,406
0,47,3,746,Female,3,Divorced,13770,Yes,12,28,12295,sat,1475
0,35,17,1218,Male,1,Married,8966,Yes,15,15,7797,unsat,1169
1,35,15,1645,Male,4,Divorced,5440,Yes,14,7,4772,sat,668
0,34,6,138,Female,3,Single,4809,No,14,16,4218,sat,591
1,40,24,986,Female,2,Single,13194,Yes,16,22,11374,unsat,1820
0,30,18,194,Female,3,Single,2632,No,14,5,2309,sat,323
0,40,28,615,Male,1,Divorced,10932,No,15,20,9506,unsat,1426
1,30,12,648,Male,1,Married,2033,No,18,1,1723,unsat,310
1,52,2,1038,Female,4,Married,19845,No,15,33,17257,sat,2588
0,54,1,1422,Female,4,Single,17328,No,19,29,14561,sat,2767
0,29,7,1883,Male,1,Single,2062,No,14,11,1809,unsat,253
0,38,8,1937,Female,2,Divorced,2133,Yes,16,20,1839,unsat,294
0,26,1,384,Female,2,Divorced,6397,No,20,6,5331,unsat,1066
1,26,2,1053,Male,1,Married,2042,Yes,14,6,1791,unsat,251
0,42,26,404,Female,2,Married,13525,No,14,23,11864,unsat,1661
0,34,1,1580,Male,4,Married,5484,No,17,9,4687,sat,797
0,36,10,1312,Female,3,Married,7094,No,12,10,6334,sat,760
0,48,2,1258,Male,2,Single,2559,No,11,7,2305,unsat,254
0,33,21,1698,Male,2,Married,2028,No,18,14,1719,unsat,309
0,31,5,399,Female,2,Divorced,2789,No,11,2,2513,unsat,276
0,48,4,1024,Male,3,Single,10999,No,14,27,9648,sat,1351
1,55,2,842,Male,4,Single,5160,No,16,12,4448,sat,712
0,40,9,964,Male,2,Divorced,3617,Yes,14,3,3173,unsat,444
0,45,29,1465,Male,4,Married,9380,Yes,18,10,7949,sat,1431
0,31,26,16,Male,3,Divorced,2911,No,17,5,2488,sat,423
0,50,2,1215,Female,1,Married,17856,No,22,32,14636,unsat,3220
0,36,8,742,Female,1,Married,11713,No,14,10,10275,unsat,1438
0,50,11,226,Female,2,Single,19926,No,15,21,17327,unsat,2599
0,36,3,397,Male,2,Single,4485,No,12,10,4004,unsat,481
1,55,2,787,Male,1,Married,19859,Yes,13,24,17574,unsat,2285
0,35,1,1564,Male,1,Single,2450,No,19,3,2059,unsat,391
0,34,1,1535,Male,3,Married,7083,Yes,14,10,6213,sat,870
0,40,1,2012,Male,4,Married,2406,No,19,8,2022,sat,384
0,48,4,1363,Male,4,Single,7898,No,11,11,7115,sat,783
1,24,7,647,Female,3,Married,2886,Yes,16,6,2488,sat,398
0,35,18,1945,Male,1,Married,5561,No,16,6,4794,unsat,767
0,30,2,508,Male,2,Married,2476,No,18,1,2098,unsat,378
0,36,7,1362,Female,1,Married,4639,No,16,17,3999,unsat,640
1,48,1,64,Male,3,Single,5381,Yes,13,23,4762,sat,619
0,46,1,288,Male,1,Divorced,9396,No,16,17,8100,unsat,1296
0,29,5,1669,Male,2,Divorced,4187,Yes,13,10,3705,unsat,482
0,39,2,343,Female,3,Single,10938,No,25,20,8750,sat,2188
0,33,2,1756,Female,2,Single,5147,No,15,13,4476,unsat,671
1,20,9,1077,Female,4,Single,2323,Yes,14,2,2038,sat,285
0,40,11,1985,Female,3,Married,6323,No,11,10,5696,sat,627
0,30,1,1241,Male,2,Married,3579,Yes,21,12,2958,unsat,621
0,37,16,868,Male,3,Divorced,6334,No,19,9,5323,sat,1011
0,43,28,171,Female,3,Single,4739,No,12,18,4231,sat,508
0,29,8,1150,Male,4,Married,5056,Yes,15,10,4397,sat,659
0,46,5,62,Male,4,Single,5772,Yes,21,14,4770,sat,1002
0,25,8,707,Male,2,Married,4851,No,22,4,3976,unsat,875
0,32,8,207,Female,4,Single,8998,No,14,9,7893,sat,1105
0,28,1,1301,Male,1,Single,2080,No,11,5,1874,unsat,206
0,53,7,862,Female,4,Married,10934,Yes,18,35,9266,sat,1668
0,59,3,10,Female,1,Married,2670,Yes,20,12,2225,unsat,445
0,41,1,734,Male,3,Married,19189,No,12,22,17133,sat,2056
1,29,1,816,Female,1,Married,2319,Yes,11,1,2089,unsat,230
0,32,26,333,Male,4,Married,4465,No,18,4,3784,sat,681
0,28,15,1102,Male,3,Divorced,2207,No,16,4,1903,sat,304
0,38,10,1563,Male,3,Married,6077,No,11,10,5475,sat,602
0,45,23,1002,Male,1,Married,3633,Yes,15,9,3159,unsat,474
1,29,1,896,Female,3,Divorced,2800,Yes,19,5,2353,sat,447
0,28,3,1875,Female,2,Married,2856,No,19,1,2400,unsat,456
1,18,8,1156,Male,3,Single,1904,No,12,0,1700,sat,204
0,27,10,1403,Female,4,Married,5769,Yes,11,6,5197,sat,572
0,36,7,1659,Male,2,Single,2013,No,11,15,1814,unsat,199
0,34,19,18,Male,4,Divorced,2661,No,11,3,2397,sat,264
0,36,5,1651,Female,1,Married,8008,No,12,9,7150,unsat,858
0,42,29,836,Male,2,Married,4434,No,13,10,3924,unsat,510
0,42,23,1976,Male,3,Single,4332,No,12,20,3868,sat,464
0,35,7,845,Male,3,Single,10221,No,21,17,8447,sat,1774
0,51,7,211,Male,3,Married,6132,No,17,10,5241,sat,891
0,31,5,1673,Female,4,Married,5476,No,11,10,4933,sat,543
0,51,11,1367,Female,2,Single,13142,No,16,29,11329,unsat,1813
0,43,6,1402,Female,3,Single,4081,Yes,14,20,3580,sat,501
0,35,18,2049,Male,3,Married,5689,Yes,14,10,4990,sat,699
0,33,8,1798,Male,1,Married,3143,No,19,14,2641,unsat,502
0,38,18,1766,Male,4,Married,5811,Yes,16,15,5009,sat,802
1,46,9,118,Male,4,Single,9619,No,16,9,8292,sat,1327
0,34,10,277,Male,3,Divorced,3815,Yes,17,5,3261,sat,554
0,54,10,1980,Female,1,Single,4440,Yes,19,9,3731,unsat,709
1,33,16,819,Female,1,Single,5324,No,15,6,4630,unsat,694
0,38,3,1060,Male,3,Married,2821,No,16,8,2432,sat,389
0,24,4,888,Male,4,Married,3162,No,17,6,2703,sat,459
0,33,5,338,Female,4,Married,2911,No,13,2,2576,sat,335
0,35,27,856,Female,1,Single,2559,No,11,6,2305,unsat,254
0,45,2,834,Female,3,Single,2274,No,14,1,1995,sat,279
0,46,10,580,Female,4,Married,9071,Yes,19,15,7623,sat,1448
0,28,17,536,Male,1,Divorced,4558,No,12,10,4070,unsat,488
1,28,24,1082,Male,1,Single,8722,No,12,10,7787,unsat,935
0,42,8,35,Male,2,Married,6825,No,11,10,6149,unsat,676
1,39,2,1458,Female,1,Single,3646,Yes,23,11,2964,unsat,682
0,50,22,1539,Male,4,Single,14411,Yes,13,32,12753,sat,1658
0,29,19,611,Male,4,Divorced,4262,No,12,8,3805,sat,457
0,47,4,1003,Female,4,Single,4163,Yes,17,9,3558,sat,605
0,45,4,972,Male,2,Married,4447,No,12,9,3971,unsat,476
0,50,1,1040,Female,3,Married,6347,No,12,19,5667,sat,680
0,29,29,1859,Male,3,Divorced,6384,No,17,11,5456,sat,928
1,26,25,55,Male,3,Single,2293,No,12,1,2047,sat,246
0,53,23,901,Female,4,Single,14275,No,18,33,12097,sat,2178
0,55,2,1770,Male,1,Married,19038,No,12,34,16998,unsat,2040
0,38,2,556,Male,4,Married,1702,Yes,23,1,1384,sat,318
0,39,18,1322,Male,3,Single,4534,No,11,9,4085,sat,449
0,33,10,1924,Male,3,Single,5487,No,14,10,4813,sat,674
0,55,2,1336,Female,3,Married,19187,No,14,23,16831,sat,2356
0,41,6,466,Male,2,Single,6032,Yes,15,8,5245,unsat,787
1,24,17,1219,Female,2,Married,2210,No,13,1,1956,unsat,254
0,31,23,367,Male,4,Married,5582,No,21,10,4613,sat,969
0,36,9,699,Male,2,Divorced,8847,Yes,11,13,7970,unsat,877
0,35,3,984,Male,4,Divorced,7823,No,13,12,6923,sat,900
0,55,4,1501,Male,3,Married,4035,Yes,16,4,3478,sat,557
0,24,29,1725,Male,1,Divorced,3907,No,13,6,3458,unsat,449
0,50,28,1317,Female,1,Married,16880,Yes,11,25,15207,unsat,1673
0,37,3,689,Male,3,Married,9434,No,15,10,8203,sat,1231
0,36,10,1790,Male,1,Married,8321,Yes,13,15,7364,unsat,957
0,28,1,1286,Male,3,Single,2154,Yes,11,5,1941,sat,213
0,27,7,764,Female,1,Single,6811,No,19,9,5724,unsat,1087
0,33,8,1560,Male,1,Married,6392,No,13,8,5657,unsat,735
0,30,9,1298,Female,3,Single,4695,Yes,18,10,3979,sat,716
0,45,6,101,Male,1,Married,13245,Yes,14,17,11618,unsat,1627
0,29,1,1954,Male,1,Married,5373,No,12,6,4797,unsat,576
0,30,15,1754,Male,1,Divorced,7140,No,11,12,6432,unsat,708
0,41,1,534,Male,1,Married,8392,No,16,10,7234,unsat,1158
0,53,6,205,Male,3,Married,2306,Yes,20,13,1922,sat,384
0,34,4,1882,Male,4,Married,9713,Yes,13,9,8596,sat,1117
0,39,13,1307,Female,2,Divorced,17123,Yes,13,21,15153,unsat,1970
0,32,2,8,Male,4,Single,3068,No,13,8,2715,sat,353
0,40,12,1829,Female,1,Divorced,4448,No,12,15,3971,unsat,477
0,52,2,329,Male,3,Single,19068,Yes,18,33,16159,sat,2909
0,27,16,1001,Female,2,Married,2811,No,14,4,2466,unsat,345
0,27,8,1647,Female,3,Married,3517,No,17,5,3006,sat,511
0,47,2,925,Female,4,Single,3294,Yes,18,3,2792,sat,502
0,34,9,1344,Male,4,Divorced,8500,No,11,10,7658,sat,842
0,21,9,484,Male,4,Single,2610,No,24,3,2105,sat,505
0,51,1,145,Female,1,Single,7484,No,20,23,6237,unsat,1247
1,26,4,401,Male,4,Single,5828,Yes,12,8,5204,sat,624
0,37,3,1062,Female,2,Single,4107,No,15,8,3571,unsat,536
0,58,10,131,Male,3,Single,13872,No,13,38,12276,sat,1596
0,30,16,1763,Male,3,Married,5294,No,16,10,4564,sat,730
0,46,1,124,Male,1,Married,10673,Yes,13,21,9445,unsat,1228
0,23,4,1735,Female,2,Single,3295,No,13,3,2916,unsat,379
0,44,10,40,Male,4,Married,6465,Yes,13,9,5721,sat,744
0,38,10,634,Female,3,Married,9824,No,19,18,8255,sat,1569
0,35,2,1804,Male,4,Divorced,5762,No,14,15,5054,sat,708
0,37,10,486,Female,1,Married,3452,No,20,17,2877,unsat,575
0,38,1,1961,Male,1,Single,2858,No,14,20,2507,unsat,351
0,32,10,1516,Male,4,Single,11244,No,25,10,8995,sat,2249
0,59,2,1032,Female,4,Single,13726,Yes,13,30,12147,sat,1579
0,40,16,1340,Male,3,Divorced,3544,No,16,6,3055,sat,489
0,30,1,1499,Male,3,Divorced,2064,No,21,6,1706,sat,358
0,46,5,103,Male,2,Divorced,5021,Yes,22,16,4116,unsat,905
0,31,29,1784,Female,4,Married,5468,No,14,13,4796,sat,672
0,33,4,305,Female,2,Married,2622,No,21,7,2167,unsat,455
0,40,2,2051,Female,3,Married,2001,No,14,20,1755,sat,246
0,28,2,1136,Male,2,Married,3201,No,17,6,2736,unsat,465
0,45,1,996,Female,4,Divorced,2270,No,14,8,1991,sat,279
0,27,14,1244,Male,1,Married,2235,Yes,14,9,1961,unsat,274
1,52,5,1319,Male,2,Single,8446,Yes,19,10,7097,unsat,1349
0,41,1,1999,Male,4,Married,2782,No,22,12,2280,sat,502
0,41,8,1909,Female,2,Married,4393,No,21,14,3631,unsat,762
0,38,2,1835,Female,4,Married,5405,Yes,20,20,4504,sat,901
1,26,29,1037,Male,1,Single,4969,No,18,7,4211,unsat,758
0,28,27,1622,Female,1,Divorced,4877,No,21,6,4031,unsat,846
0,55,8,1278,Male,2,Divorced,13577,Yes,15,34,11806,unsat,1771
1,39,2,1127,Male,4,Divorced,12169,No,11,21,10963,sat,1206
0,40,4,215,Male,4,Married,10855,No,11,15,9779,sat,1076
0,35,11,70,Male,1,Married,9884,Yes,13,10,8747,unsat,1137
0,36,2,1890,Male,4,Single,3886,No,21,10,3212,sat,674
1,31,22,1389,Male,3,Married,6179,Yes,15,10,5373,sat,806
1,44,10,1200,Male,3,Single,2936,Yes,11,6,2645,sat,291
0,22,5,284,Male,2,Divorced,2328,Yes,16,4,2007,unsat,321
0,40,6,601,Female,3,Single,13237,No,15,22,11510,sat,1727
0,39,21,1929,Female,3,Married,5736,No,19,10,4820,sat,916
0,34,16,838,Female,4,Single,2553,No,16,6,2201,sat,352
0,35,4,1185,Male,4,Married,2376,No,13,2,2103,sat,273
0,44,7,36,Female,4,Married,10248,No,14,24,8989,sat,1259
0,54,8,578,Female,3,Single,3780,No,11,19,3405,sat,375
1,28,1,1111,Male,2,Divorced,2596,No,15,1,2257,unsat,339
1,36,15,1052,Male,3,Divorced,4834,No,14,9,4240,sat,594
0,43,7,451,Female,1,Married,9985,No,16,10,8608,unsat,1377
0,24,9,812,Male,2,Divorced,2694,No,11,1,2427,unsat,267
1,19,2,243,Male,4,Single,1102,No,22,1,903,sat,199
0,54,5,522,Male,1,Married,19406,No,11,24,17483,unsat,1923
0,43,2,46,Female,3,Divorced,2645,No,12,6,2362,sat,283
0,34,3,1915,Female,4,Married,8103,Yes,12,9,7235,sat,868
0,46,1,244,Female,1,Divorced,10453,No,25,24,8362,unsat,2091
0,45,7,86,Male,1,Divorced,9724,No,17,25,8311,unsat,1413
0,29,3,1586,Male,1,Single,4723,Yes,18,10,4003,unsat,720
0,37,8,1794,Male,2,Divorced,4071,No,13,19,3603,unsat,468
0,36,1,1237,Female,1,Divorced,10252,Yes,21,17,8473,unsat,1779
0,40,2,763,Female,4,Single,2342,Yes,20,5,1952,sat,390
0,37,1,340,Female,1,Married,3920,No,14,17,3439,unsat,481
1,26,8,796,Male,1,Single,5326,No,17,6,4552,unsat,774
0,39,10,1800,Male,3,Single,13464,No,21,9,11127,sat,2337
0,29,28,1120,Female,4,Divorced,2514,No,22,11,2061,sat,453
0,54,20,450,Female,3,Single,4869,No,12,20,4347,sat,522
1,28,24,1604,Male,2,Married,2408,Yes,17,1,2058,unsat,350
0,28,1,1506,Male,3,Divorced,1563,No,14,1,1371,sat,192
1,36,13,1733,Male,1,Divorced,6134,Yes,13,16,5428,unsat,706
0,30,10,1816,Female,3,Single,9667,No,14,9,8480,sat,1187
1,47,27,785,Female,3,Single,6397,Yes,12,8,5712,sat,685
1,45,26,684,Female,1,Married,4286,No,14,5,3760,unsat,526
0,23,2,113,Male,1,Divorced,2322,No,13,3,2055,unsat,267
0,34,1,683,Male,4,Married,2691,No,12,10,2403,sat,288
0,25,18,1399,Male,3,Married,6232,No,11,6,5614,sat,618
0,40,2,352,Male,3,Divorced,19436,No,19,22,16333,sat,3103
0,28,10,1056,Male,2,Married,1052,No,22,1,862,unsat,190
1,27,17,1405,Female,3,Single,2394,Yes,13,8,2119,sat,275
0,59,3,1254,Female,4,Single,5171,No,17,13,4420,sat,751
0,44,4,1288,Male,1,Divorced,19190,No,14,26,16833,unsat,2357
0,44,1,1642,Male,4,Married,5743,Yes,11,14,5174,sat,569
0,29,10,766,Male,2,Divorced,2297,No,14,2,2015,unsat,282
0,31,20,947,Female,3,Married,6932,No,13,9,6135,sat,797
0,26,4,1275,Male,4,Single,2875,Yes,20,8,2396,sat,479
0,60,1,1697,Male,4,Divorced,10883,No,20,19,9069,sat,1814
0,50,24,1005,Male,3,Married,13973,Yes,18,22,11842,sat,2131
0,32,13,859,Male,4,Divorced,4403,No,11,8,3967,sat,436
0,29,1,710,Male,4,Divorced,2720,No,18,10,2305,sat,415
0,27,4,933,Female,3,Single,2318,No,19,1,1948,sat,370
0,28,1,1858,Male,4,Divorced,2706,No,15,3,2353,sat,353
0,22,1,872,Male,4,Married,4775,No,22,4,3914,sat,861
0,41,14,227,Male,3,Divorced,2451,No,12,13,2188,sat,263
0,53,2,981,Male,3,Divorced,14852,No,13,22,13143,sat,1709
0,48,7,1466,Male,1,Divorced,5486,No,11,15,4942,unsat,544
0,29,28,2054,Female,1,Single,3785,No,14,5,3320,unsat,465
0,43,2,1849,Male,4,Married,5675,No,20,7,4729,sat,946
0,43,10,430,Female,4,Single,2455,No,19,9,2063,sat,392
0,38,6,1997,Male,3,Married,5321,No,11,10,4794,sat,527
0,44,7,1608,Female,4,Divorced,19049,Yes,14,23,16710,sat,2339
1,58,23,165,Female,4,Married,10312,No,12,40,9207,sat,1105
0,41,2,625,Female,1,Married,16595,No,16,22,14306,unsat,2289
0,25,1,1303,Female,2,Single,2096,No,18,2,1776,unsat,320
0,38,1,1152,Male,3,Married,2844,No,13,7,2517,sat,327
0,46,2,1857,Male,4,Divorced,8578,No,14,12,7525,sat,1053
0,21,3,379,Male,3,Single,3230,No,17,3,2761,sat,469
0,48,10,1867,Male,2,Married,19665,No,12,29,17558,unsat,2107
0,38,23,393,Male,4,Divorced,5745,No,14,10,5039,sat,706
0,56,8,1338,Male,2,Single,19717,No,14,36,17296,unsat,2421
0,38,2,271,Male,3,Married,6553,No,14,14,5748,sat,805
0,30,6,1311,Female,4,Married,4627,No,12,10,4131,sat,496
0,31,5,2057,Male,1,Single,9936,No,19,10,8350,unsat,1586
0,34,2,256,Male,3,Married,9547,No,17,10,8160,sat,1387
0,56,9,1071,Female,3,Married,2942,No,19,18,2472,sat,470
0,42,24,605,Male,1,Married,7406,Yes,21,10,6121,unsat,1285
0,34,27,247,Female,2,Single,2311,No,15,9,2010,unsat,301
1,31,3,1537,Female,3,Single,4084,No,12,7,3646,sat,438
0,36,8,990,Male,4,Divorced,5079,No,13,12,4495,sat,584
0,46,13,1727,Male,2,Single,5562,No,14,19,4879,unsat,683
0,40,16,832,Male,3,Single,5094,No,14,10,4468,sat,626
0,54,19,698,Male,2,Married,10725,No,15,16,9326,unsat,1399
0,37,9,626,Male,2,Divorced,8834,No,13,9,7818,unsat,1016
0,37,10,1105,Female,4,Divorced,6694,Yes,14,8,5872,sat,822
0,35,16,586,Male,3,Married,7632,Yes,12,10,6814,sat,818
0,48,1,1116,Male,4,Single,16885,No,22,27,13840,sat,3045
0,49,4,1256,Male,3,Married,18711,No,13,23,16558,sat,2153
1,26,21,1107,Male,3,Divorced,2377,No,20,1,1981,sat,396
0,30,7,1428,Female,1,Divorced,4779,No,14,8,4192,unsat,587
1,28,2,828,Male,3,Single,4382,No,17,5,3745,sat,637
0,42,14,936,Female,3,Single,6244,No,17,10,5337,sat,907
1,20,4,960,Male,1,Single,2973,No,19,1,2498,unsat,475
0,34,8,757,Female,3,Single,6142,No,11,10,5533,sat,609
0,55,20,389,Male,4,Married,5415,Yes,19,12,4550,sat,865
0,47,2,820,Female,4,Married,16752,Yes,11,26,15092,sat,1660
0,34,28,2035,Female,3,Married,6712,No,21,8,5547,sat,1165
0,37,4,1394,Male,3,Married,2996,Yes,15,8,2605,sat,391
0,40,2,558,Female,3,Married,18041,No,14,21,15825,sat,2216
0,41,6,957,Male,1,Single,4721,Yes,13,20,4178,unsat,543
0,34,10,1597,Male,3,Married,5063,No,14,8,4441,sat,622
0,43,1,902,Female,4,Married,5562,No,13,12,4922,sat,640
0,36,12,1614,Female,3,Married,4663,Yes,12,7,4163,sat,500
0,28,9,377,Male,4,Married,2070,No,23,5,1683,sat,387
0,38,1,662,Female,1,Single,2619,No,17,8,2238,unsat,381
1,37,6,133,Male,1,Divorced,2073,Yes,22,7,1699,unsat,374
0,52,11,813,Female,3,Married,3149,No,20,9,2624,sat,525
0,46,7,1007,Male,3,Divorced,10845,No,13,13,9597,sat,1248
0,33,1,1994,Male,3,Divorced,2008,No,12,1,1793,sat,215
1,22,8,1783,Female,1,Married,2398,Yes,17,1,2050,unsat,348
0,23,10,1592,Male,3,Married,2073,No,16,4,1787,sat,286
0,27,15,1870,Female,1,Married,4774,No,19,8,4012,unsat,762
0,39,10,429,Male,1,Married,17068,Yes,14,21,14972,unsat,2096
0,30,2,1745,Female,1,Single,4968,No,16,10,4283,unsat,685
0,43,8,920,Female,2,Divorced,4765,No,21,4,3938,unsat,827
1,30,3,297,Female,1,Single,2657,Yes,11,8,2394,unsat,263
0,43,21,525,Male,4,Married,2258,No,20,8,1882,sat,376
0,42,2,351,Female,1,Divorced,2593,Yes,11,10,2336,unsat,257
0,50,20,1606,Male,3,Married,11245,Yes,15,32,9778,sat,1467
0,30,1,292,Male,3,Single,8474,No,22,12,6946,sat,1528
0,34,2,1755,Male,4,Married,2932,Yes,14,6,2572,sat,360
0,46,2,1789,Male,4,Divorced,19328,Yes,17,24,16520,sat,2808
0,30,4,121,Female,2,Divorced,5209,Yes,12,11,4651,unsat,558
0,34,10,1055,Female,3,Married,2220,Yes,19,1,1866,sat,354
0,46,4,1280,Female,2,Married,18789,No,14,26,16482,unsat,2307
0,36,2,1294,Female,2,Single,5410,Yes,11,18,4874,unsat,536
0,53,3,386,Male,3,Married,17584,Yes,16,21,15159,sat,2425
0,41,12,1158,Male,4,Married,4766,Yes,11,6,4294,sat,472
0,37,19,61,Male,2,Married,3022,No,21,8,2498,unsat,524
0,37,19,904,Male,2,Single,7642,Yes,13,10,6763,unsat,879
0,32,10,1853,Male,4,Single,4648,No,13,4,4113,sat,535
0,38,1,724,Female,4,Single,7625,No,13,10,6748,sat,877
0,31,10,1912,Female,4,Divorced,6583,Yes,11,8,5931,sat,652
0,53,8,897,Male,4,Married,11836,No,14,28,10382,sat,1454
0,50,4,385,Male,2,Divorced,19144,No,14,28,16793,unsat,2351
0,31,7,613,Male,4,Divorced,11557,No,21,10,9551,sat,2006
0,36,2,513,Male,3,Married,7596,No,13,10,6722,sat,874
0,45,8,452,Male,4,Married,3697,No,14,12,3243,sat,454
0,34,2,1281,Female,1,Single,4538,Yes,12,4,4052,unsat,486
0,32,7,359,Male,2,Married,2794,No,20,5,2328,unsat,466
0,48,29,473,Female,3,Married,12504,No,21,15,10334,sat,2170
0,44,23,132,Male,2,Married,2042,No,12,17,1823,unsat,219
0,37,10,518,Male,2,Single,4197,Yes,12,18,3747,unsat,450
1,50,1,1113,Male,3,Single,4728,Yes,14,5,4147,sat,581
0,39,24,2014,Male,4,Single,4108,No,13,18,3635,sat,473
0,46,1,1314,Female,1,Single,3423,No,12,10,3056,unsat,367
0,38,9,1940,Male,4,Divorced,4771,No,19,10,4009,sat,762
0,31,7,524,Female,1,Married,4306,No,12,13,3845,unsat,461
0,45,9,206,Male,2,Divorced,2348,No,18,20,1990,unsat,358
0,29,4,1762,Female,1,Divorced,2109,No,13,1,1866,unsat,243
0,42,2,1542,Male,2,Married,4841,No,14,4,4246,unsat,595
0,33,3,5,Female,3,Married,2909,Yes,11,8,2621,sat,288
0,47,2,1731,Male,2,Married,4978,No,11,4,4485,unsat,493
0,32,2,1671,Male,2,Divorced,5470,No,13,10,4841,unsat,629
1,53,2,1572,Female,4,Married,10169,No,16,34,8766,sat,1403
0,36,16,1436,Female,1,Married,5647,No,13,11,4997,unsat,650
0,40,8,1552,Male,4,Divorced,4069,Yes,18,8,3448,sat,621
0,41,10,731,Male,4,Divorced,19141,No,15,23,16644,sat,2497
0,36,26,1682,Male,3,Married,5347,No,14,10,4690,sat,657
0,33,1,998,Female,2,Married,5488,Yes,13,6,4857,unsat,631
0,34,11,1289,Male,2,Married,4490,No,11,14,4045,unsat,445
1,18,5,614,Male,2,Single,1878,Yes,14,0,1647,unsat,231
0,45,28,1719,Female,2,Single,16704,No,11,21,15049,unsat,1655
0,26,17,1718,Male,3,Married,2305,No,15,3,2004,sat,301
0,34,1,110,Male,2,Married,4325,No,15,5,3761,unsat,564
0,30,7,1609,Male,2,Married,2141,No,12,6,1912,unsat,229
0,45,24,1049,Male,2,Single,2177,No,16,6,1877,unsat,300
0,40,2,516,Female,2,Divorced,5715,No,12,8,5103,unsat,612
1,50,8,723,Male,3,Married,6796,Yes,14,18,5961,sat,835
0,36,23,2061,Male,4,Married,2571,No,17,17,2197,sat,374
0,37,2,656,Male,3,Married,9602,Yes,11,17,8650,sat,952
0,37,9,1787,Male,2,Married,4189,No,14,5,3675,unsat,514
0,56,6,532,Female,1,Married,13212,No,11,36,11903,unsat,1309
1,50,3,47,Male,3,Married,2683,Yes,14,3,2354,sat,329
1,31,18,1842,Male,1,Married,2956,No,17,2,2526,unsat,430
0,45,9,864,Male,1,Divorced,10761,Yes,12,18,9608,unsat,1153
0,30,22,567,Female,1,Married,8412,No,11,10,7578,unsat,834
0,46,2,1228,Male,4,Divorced,7379,No,11,12,6648,sat,731
0,23,1,1270,Male,3,Married,1223,No,22,1,1002,sat,221
1,32,1,1734,Male,2,Single,6735,No,15,10,5857,unsat,878
0,18,14,1839,Female,3,Single,1514,No,16,0,1305,sat,209
0,43,14,843,Male,1,Married,17159,No,24,22,13838,unsat,3321
0,36,27,13,Male,3,Married,5237,No,13,17,4635,sat,602
0,28,5,1469,Male,1,Single,8463,No,18,6,7172,unsat,1291
1,31,1,1459,Female,2,Single,7446,No,11,10,6708,unsat,738
0,35,23,75,Female,1,Married,4014,Yes,15,4,3490,unsat,524
1,36,3,967,Male,4,Married,10325,Yes,11,16,9302,sat,1023
0,30,17,1321,Female,1,Married,11916,Yes,23,9,9688,unsat,2228
1,42,12,1167,Male,1,Single,13758,Yes,12,22,12284,unsat,1474
0,49,2,1941,Male,4,Married,19161,No,15,28,16662,sat,2499
0,42,12,1768,Male,2,Divorced,2766,No,22,7,2267,unsat,499
0,45,2,264,Male,4,Married,16792,No,23,22,13652,sat,3140
0,18,5,1012,Male,4,Single,1051,No,15,0,914,sat,137
0,36,3,481,Male,4,Married,9699,No,11,16,8738,sat,961
0,34,14,666,Female,3,Divorced,2579,Yes,18,8,2186,sat,393
0,48,4,1644,Male,4,Married,15202,No,25,23,12162,sat,3040
0,44,5,1471,Male,3,Single,3162,No,14,7,2774,sat,388
0,38,2,1760,Female,2,Married,2468,No,14,9,2165,unsat,303
0,38,3,307,Male,3,Divorced,10609,No,12,17,9472,sat,1137
0,35,7,1492,Male,3,Married,2404,No,13,1,2127,sat,277
1,40,25,1318,Male,2,Single,9094,Yes,12,9,8120,unsat,974
0,48,1,1263,Male,4,Single,18265,No,12,25,16308,sat,1957
0,40,1,1822,Female,4,Divorced,6513,No,17,12,5567,sat,946
0,30,1,57,Female,4,Single,4011,No,23,12,3261,sat,750
0,47,2,903,Female,4,Married,4537,Yes,22,8,3719,sat,818
0,34,2,786,Male,4,Single,6274,No,22,6,5143,sat,1131
0,52,6,630,Male,1,Divorced,5577,Yes,12,18,4979,unsat,598
0,42,4,319,Male,4,Married,19232,No,11,22,17326,sat,1906
0,31,24,1252,Female,1,Single,6812,No,19,10,5724,unsat,1088
0,33,2,1207,Male,3,Married,3600,No,13,5,3186,sat,414
0,51,5,1352,Male,2,Divorced,14026,Yes,11,33,12636,unsat,1390
0,23,26,465,Male,4,Divorced,2904,No,12,4,2593,sat,311
0,42,2,1547,Male,4,Married,10124,Yes,14,24,8881,sat,1243
0,25,2,1653,Male,3,Divorced,5206,No,17,7,4450,sat,756
0,41,4,1815,Female,3,Divorced,10447,Yes,13,23,9245,sat,1202
0,34,3,1103,Male,4,Single,7756,No,17,7,6629,sat,1127
0,32,2,439,Female,4,Single,5055,No,16,10,4358,sat,697
0,38,4,1687,Female,3,Married,3306,No,19,7,2778,sat,528
0,40,1,119,Male,2,Married,13503,No,22,22,11068,unsat,2435
0,38,2,361,Male,4,Married,5249,No,18,13,4448,sat,801
0,31,7,462,Female,4,Single,7143,Yes,14,11,6266,sat,877
1,25,4,1106,Male,4,Married,3691,Yes,15,7,3210,sat,481
0,36,4,1435,Male,4,Single,5810,No,16,10,5009,sat,801
1,21,18,923,Female,4,Single,2693,No,19,1,2263,sat,430
0,36,2,958,Male,3,Single,2519,No,21,16,2082,sat,437
0,34,20,1265,Female,3,Married,2585,No,17,2,2209,sat,376
0,33,1,969,Female,4,Single,6949,No,14,6,6096,sat,853
0,35,21,942,Female,4,Married,4014,Yes,25,10,3211,sat,803
0,45,7,1195,Female,3,Married,4477,Yes,19,7,3762,sat,715
0,42,1,517,Female,1,Divorced,2576,No,16,8,2221,unsat,355
0,42,2,1334,Male,3,Married,17861,Yes,13,21,15806,sat,2055
1,30,8,1747,Female,4,Divorced,2180,No,11,6,1964,sat,216
0,26,11,390,Male,1,Married,4741,Yes,13,5,4196,unsat,545
1,31,15,1160,Male,3,Married,2610,No,12,2,2330,sat,280
1,46,10,1869,Female,2,Married,7314,No,21,14,6045,unsat,1269
0,36,3,1425,Female,2,Single,9278,Yes,16,15,7998,unsat,1280
0,60,28,573,Female,1,Married,10266,No,19,22,8627,unsat,1639
0,32,4,330,Female,2,Married,3931,No,11,6,3541,unsat,390
0,34,8,1823,Male,3,Married,6799,No,21,10,5619,sat,1180
1,29,8,454,Male,1,Married,2119,Yes,11,7,1909,unsat,210
0,44,28,1039,Female,4,Married,13320,Yes,18,23,11288,sat,2032
1,20,11,1016,Female,1,Single,2600,Yes,15,1,2261,unsat,339
0,34,2,1140,Male,3,Single,4033,No,11,5,3633,sat,400
0,43,2,1706,Male,4,Married,7847,Yes,17,10,6707,sat,1140
0,31,5,1749,Male,3,Married,8346,No,19,6,7013,sat,1333
0,56,1,1441,Female,1,Married,2066,No,22,5,1693,unsat,373
0,36,8,83,Female,3,Divorced,10096,No,13,17,8935,sat,1161
0,33,1,612,Female,3,Divorced,16184,No,19,10,13600,sat,2584
1,50,1,2044,Male,3,Divorced,6728,No,12,12,6007,sat,721
0,26,7,1417,Male,1,Single,3578,No,12,8,3195,unsat,383
0,55,8,84,Female,3,Divorced,14756,Yes,14,21,12944,sat,1812
0,27,2,1931,Male,2,Married,2226,No,11,6,2005,unsat,221
0,30,2,548,Female,4,Single,6091,No,20,11,5076,sat,1015
0,34,7,1577,Male,4,Single,2972,No,13,1,2630,sat,342
0,30,5,456,Female,3,Divorced,6118,No,13,10,5414,sat,704
0,27,2,1027,Female,4,Married,4227,No,18,4,3582,sat,645
0,33,22,160,Male,2,Married,6146,No,13,8,5439,unsat,707
0,45,7,425,Male,1,Divorced,5210,No,18,24,4415,unsat,795
1,52,8,433,Male,2,Married,4941,No,15,11,4297,unsat,644
1,51,4,1081,Male,3,Married,2461,Yes,12,18,2197,sat,264
0,39,9,1936,Male,1,Married,5151,No,25,10,4121,unsat,1030
0,30,2,117,Male,4,Married,4152,No,19,11,3489,sat,663
0,44,1,665,Female,3,Single,5985,No,11,10,5392,sat,593
0,38,10,983,Female,4,Single,5666,Yes,13,6,5014,sat,652
0,25,10,1240,Male,4,Single,4950,No,14,5,4342,sat,608
0,32,3,966,Female,1,Married,6725,No,12,8,6004,unsat,721
0,36,4,2025,Female,2,Divorced,5131,No,13,18,4541,unsat,590
0,29,2,1590,Male,4,Divorced,8853,No,19,6,7439,sat,1414
1,39,5,42,Male,4,Married,2086,No,14,19,1830,sat,256
1,45,2,1277,Female,2,Single,18824,Yes,16,26,16228,unsat,2596
0,35,4,53,Male,4,Divorced,1951,No,12,1,1742,sat,209
0,32,13,1234,Female,2,Married,2743,No,20,2,2286,unsat,457
0,39,2,909,Female,4,Married,5204,No,11,13,4688,sat,516
0,27,1,274,Male,1,Married,4298,No,19,6,3612,unsat,686
0,34,10,934,Male,2,Divorced,2008,No,14,1,1761,unsat,247
0,40,5,729,Male,1,Married,10475,Yes,21,20,8657,unsat,1818
0,39,1,332,Female,3,Divorced,2232,No,14,7,1958,sat,274
1,39,6,932,Male,1,Married,2404,Yes,21,8,1987,unsat,417
0,38,6,1782,Female,3,Married,3702,No,11,5,3335,sat,367
1,39,23,1310,Male,1,Single,3904,No,13,6,3455,unsat,449
1,34,9,1807,Male,1,Married,5346,No,17,11,4569,unsat,777
0,28,1,1927,Male,4,Married,6834,Yes,12,7,6102,sat,732
0,49,1,1677,Male,3,Single,15379,No,14,23,13490,sat,1889
0,58,1,422,Male,3,Divorced,5660,Yes,13,12,5009,sat,651
0,38,29,273,Male,4,Married,6261,No,18,9,5306,sat,955
0,31,8,1453,Male,4,Divorced,10793,No,18,13,9147,sat,1646
0,49,18,275,Male,4,Divorced,6804,Yes,15,7,5917,sat,887
0,53,6,769,Male,4,Single,2450,No,17,19,2094,sat,356
0,56,8,241,Female,1,Divorced,4257,Yes,18,19,3608,unsat,649
0,37,13,1543,Male,4,Married,4285,No,17,10,3662,sat,623
0,35,2,1182,Male,2,Divorced,10274,No,18,15,8707,unsat,1567
0,27,11,1364,Female,4,Married,2534,No,14,5,2223,sat,311
0,27,9,260,Female,2,Single,2279,No,16,7,1965,unsat,314
0,55,2,1873,Male,4,Married,2662,No,20,19,2218,sat,444
0,24,2,1646,Female,4,Single,3760,Yes,13,6,3327,sat,433
0,30,7,1482,Male,3,Divorced,1274,No,13,1,1127,sat,147
0,28,9,930,Female,3,Divorced,2377,No,18,6,2014,sat,363
0,39,22,1043,Female,1,Single,10880,Yes,13,21,9628,unsat,1252
0,40,1,1361,Male,2,Married,2387,No,22,7,1957,unsat,430
0,44,1,2020,Male,4,Single,2436,Yes,12,6,2175,sat,261
0,47,26,1625,Female,3,Married,19658,No,11,27,17710,sat,1948
0,49,11,1757,Female,4,Single,4507,No,12,8,4024,sat,483
0,42,2,470,Male,3,Divorced,2696,Yes,11,4,2429,sat,267
0,34,2,339,Male,1,Married,5957,No,13,13,5272,unsat,685
0,37,19,1631,Male,3,Married,5768,No,17,9,4930,sat,838
0,51,6,162,Male,3,Single,19537,No,13,23,17289,sat,2248
0,29,20,349,Male,4,Divorced,6931,No,14,10,6080,sat,851
0,50,8,738,Male,2,Married,3875,No,15,4,3370,unsat,505
0,23,4,705,Male,1,Married,2819,No,16,5,2430,unsat,389
1,33,25,1108,Male,2,Single,2313,Yes,20,5,1928,unsat,385
0,49,16,1674,Female,1,Divorced,2587,Yes,16,17,2230,unsat,357
0,35,1,620,Female,3,Single,4859,No,16,5,4189,sat,670
0,34,8,775,Female,1,Divorced,5121,No,14,7,4492,unsat,629
0,26,1,1068,Female,3,Divorced,2007,No,13,5,1776,sat,231
0,45,1,1712,Male,3,Married,10748,No,23,25,8738,sat,2010
0,45,2,606,Male,2,Married,4805,No,19,9,4038,unsat,767
0,37,9,403,Male,4,Married,2326,Yes,12,4,2077,sat,249
1,25,19,952,Male,2,Married,2413,Yes,18,1,2045,unsat,368
0,37,10,1640,Female,2,Married,3936,No,11,8,3546,unsat,390
0,35,18,975,Female,3,Married,4601,No,16,5,3966,sat,635
0,28,2,846,Female,2,Married,4779,Yes,20,8,3982,unsat,797
0,22,6,675,Male,3,Married,2773,No,20,3,2311,sat,462
0,45,25,1306,Female,2,Single,18061,No,22,22,14804,unsat,3257
0,56,11,1935,Female,1,Married,5380,No,16,6,4638,unsat,742
0,36,15,2036,Male,4,Divorced,5406,No,24,15,4360,sat,1046
0,35,2,771,Female,1,Divorced,5093,No,11,16,4588,unsat,505
0,26,7,1693,Male,4,Single,2570,No,20,7,2142,sat,428
0,48,2,595,Female,4,Married,4051,No,14,14,3554,sat,497
0,34,3,1779,Female,4,Single,6029,No,12,6,5383,sat,646
1,34,7,147,Male,3,Single,6074,Yes,24,9,4898,sat,1176
0,60,7,1233,Male,4,Divorced,5220,Yes,18,12,4424,sat,796
0,32,1,1574,Male,1,Married,4087,No,14,9,3585,unsat,502
0,31,10,1979,Female,3,Married,11031,No,20,13,9192,sat,1839
0,45,2,1635,Female,4,Divorced,5770,No,19,10,4849,sat,921
0,53,13,250,Female,1,Divorced,4450,No,11,5,4009,unsat,441
0,30,10,1179,Male,3,Married,6578,No,18,10,5575,sat,1003
0,29,3,564,Male,3,Married,11935,No,18,10,10114,sat,1821
0,39,7,444,Male,4,Married,19272,No,15,21,16758,sat,2514
0,57,24,223,Male,4,Divorced,9439,Yes,16,12,8137,sat,1302
0,51,21,120,Male,4,Single,5441,Yes,22,11,4460,sat,981
1,44,15,1295,Female,4,Married,7978,No,11,10,7187,sat,791
1,32,25,911,Male,4,Single,2795,Yes,24,1,2254,sat,541
0,20,9,1680,Male,1,Single,2728,No,11,2,2458,unsat,270
0,35,1,88,Male,1,Married,2194,No,13,5,1942,unsat,252
1,22,3,926,Female,3,Married,4171,Yes,19,4,3505,sat,666
0,26,2,1018,Male,4,Married,5472,No,12,8,4886,sat,586
1,35,4,1100,Male,1,Single,9582,Yes,22,9,7854,unsat,1728
0,38,3,193,Female,3,Single,4317,Yes,20,19,3598,sat,719
0,35,7,1962,Female,4,Married,5204,Yes,11,10,4688,sat,516
0,22,11,511,Female,2,Married,2244,No,13,2,1986,unsat,258
0,54,2,1070,Female,3,Married,10686,No,11,13,9627,sat,1059
0,59,25,81,Female,1,Single,7637,No,11,28,6880,unsat,757
1,31,2,1464,Male,4,Married,3722,Yes,13,7,3294,sat,428
0,32,7,420,Male,3,Married,5484,No,14,13,4811,sat,673
0,33,9,1238,Male,4,Married,2781,No,13,15,2461,sat,320
0,29,15,1202,Female,4,Married,2168,Yes,18,6,1837,sat,331
0,33,7,1477,Male,1,Married,4373,No,14,5,3836,unsat,537
0,36,6,1594,Male,1,Married,5562,Yes,13,9,4922,unsat,640
0,31,1,530,Male,1,Married,2218,No,12,4,1980,unsat,238
0,36,14,924,Male,4,Married,6586,Yes,17,17,5629,sat,957
0,37,11,1411,Female,3,Single,3629,No,18,8,3075,sat,554
1,58,2,977,Male,3,Single,2479,No,24,7,1999,sat,480
0,42,2,477,Male,4,Single,6781,No,23,14,5513,sat,1268
1,26,24,622,Male,4,Single,2340,Yes,18,1,1983,sat,357
1,32,9,190,Female,1,Single,4200,No,22,10,3443,unsat,757
0,29,10,1143,Female,2,Divorced,3291,No,14,8,2887,unsat,404
0,57,1,1483,Male,3,Married,4900,No,24,13,3952,sat,948
0,26,1,792,Female,4,Divorced,4364,No,14,5,3828,sat,536
0,32,8,436,Female,2,Married,5228,Yes,11,13,4710,unsat,518
0,35,1,600,Male,3,Married,4717,No,11,15,4250,sat,467
0,41,6,1708,Male,3,Single,9241,No,12,10,8251,sat,990
0,31,11,895,Male,4,Married,2356,Yes,19,8,1980,sat,376
1,37,10,342,Male,3,Divorced,10048,No,11,17,9052,sat,996
1,37,2,4,Male,3,Single,2090,Yes,15,7,1817,sat,273
0,25,2,1992,Male,3,Divorced,3977,Yes,19,7,3342,sat,635
1,41,2,927,Female,4,Divorced,2778,Yes,13,10,2458,sat,320
0,56,23,1373,Male,2,Married,13402,Yes,12,33,11966,unsat,1436
0,27,4,2064,Male,2,Married,6142,Yes,20,6,5118,unsat,1024
0,31,12,961,Female,4,Married,5855,Yes,11,10,5275,sat,580
0,59,3,309,Male,4,Married,2177,No,17,7,1861,sat,316
1,28,1,741,Female,2,Single,2216,Yes,13,10,1961,unsat,255
1,21,10,1279,Female,3,Single,2625,No,20,2,2188,sat,437
0,37,1,380,Female,4,Divorced,13603,Yes,18,15,11528,sat,2075
1,41,4,488,Male,2,Single,9355,No,18,8,7928,unsat,1427
0,35,7,1601,Male,4,Married,2690,No,18,1,2280,sat,410
0,43,2,1778,Male,4,Single,3539,No,13,10,3132,sat,407
0,26,1,476,Male,3,Married,5296,No,17,8,4526,sat,770
0,51,1,353,Male,4,Married,2723,No,11,1,2453,sat,270
1,21,1,478,Female,2,Single,2174,Yes,11,3,1959,unsat,215
0,27,8,1751,Female,4,Single,3445,No,11,6,3104,sat,341
0,30,2,571,Female,4,Single,2564,No,14,12,2249,sat,315
0,47,9,1856,Female,3,Single,2105,No,12,7,1879,sat,226
0,27,10,733,Male,1,Divorced,8793,No,21,9,7267,unsat,1526
1,28,13,1933,Female,3,Single,9854,Yes,11,6,8877,sat,977
0,50,1,323,Female,4,Divorced,19517,No,11,32,17583,sat,1934
0,18,10,411,Female,3,Single,1200,No,12,0,1071,sat,129
0,48,16,1557,Female,3,Divorced,6439,No,14,18,5648,sat,791
0,36,1,857,Male,4,Married,6201,Yes,14,18,5439,sat,762
0,34,1,1431,Male,1,Divorced,2996,No,14,10,2628,unsat,368
1,46,21,1821,Female,2,Married,8926,No,22,13,7316,unsat,1610
0,50,17,1656,Female,1,Divorced,13269,No,15,19,11538,unsat,1731
0,23,12,1982,Male,4,Single,2647,No,13,5,2342,sat,305
0,35,26,2040,Female,4,Single,8837,Yes,16,9,7618,sat,1219
0,25,26,781,Female,4,Single,6180,No,23,6,5024,sat,1156
0,38,10,2041,Female,4,Married,5343,No,11,10,4814,sat,529
0,36,7,949,Male,4,Single,4678,No,18,8,3964,sat,714
0,54,1,1245,Female,3,Divorced,10502,No,17,33,8976,sat,1526
0,34,1,1950,Male,4,Single,9888,No,21,14,8172,sat,1716
0,38,2,1125,Male,2,Single,7351,No,16,10,6337,unsat,1014
1,33,1,780,Male,4,Single,2686,Yes,13,10,2377,sat,309
0,35,9,880,Female,3,Married,10685,Yes,20,17,8904,sat,1781
0,31,6,653,Male,4,Divorced,5460,No,22,13,4475,sat,985
0,37,1,635,Female,2,Married,6447,No,12,8,5756,unsat,691
0,42,3,894,Female,4,Married,5231,Yes,13,17,4629,sat,602
0,50,10,491,Male,4,Single,10496,No,15,20,9127,sat,1369
1,50,28,2055,Male,1,Divorced,10854,Yes,13,20,9605,unsat,1249
0,26,6,164,Female,2,Married,2368,No,19,5,1990,unsat,378
0,44,24,744,Male,3,Single,3708,No,14,9,3253,sat,455
0,30,16,1729,Male,4,Married,2862,No,12,10,2555,sat,307
1,20,6,137,Female,4,Single,2926,Yes,18,1,2480,sat,446
0,30,9,184,Male,4,Married,6347,Yes,19,12,5334,sat,1013
0,35,2,269,Female,2,Single,4425,No,11,10,3986,unsat,439
0,40,7,1740,Male,2,Single,19833,No,14,21,17397,unsat,2436
1,43,17,1767,Male,3,Married,2437,Yes,16,6,2101,sat,336
0,42,17,347,Female,1,Single,6545,Yes,13,10,5792,unsat,753
0,40,20,1092,Male,4,Married,10322,No,20,14,8602,sat,1720
0,44,28,1523,Male,1,Married,16328,No,13,24,14450,unsat,1878
0,40,4,253,Female,3,Married,19033,No,14,21,16696,sat,2337
0,49,7,1484,Male,2,Divorced,10466,No,14,29,9181,unsat,1285
0,24,23,639,Male,4,Married,2725,Yes,11,6,2455,sat,270
0,45,4,240,Female,1,Divorced,5006,Yes,11,9,4510,unsat,496
0,43,27,1126,Female,1,Married,10820,No,11,18,9748,unsat,1072
0,42,2,875,Male,4,Single,2515,Yes,14,8,2206,sat,309
0,43,4,1293,Female,4,Single,10231,No,14,23,8975,sat,1256
0,34,19,1701,Female,4,Married,2929,No,12,10,2615,sat,314
0,29,1,1249,Female,4,Divorced,3760,No,15,3,3270,sat,490
1,25,9,1439,Male,1,Married,4400,No,12,6,3929,unsat,471
0,26,25,177,Female,3,Married,2942,No,23,8,2392,sat,550
0,45,2,783,Male,3,Single,6632,No,13,9,5869,sat,763
1,33,3,702,Male,1,Single,3348,Yes,11,10,3016,unsat,332
0,27,2,1648,Male,4,Single,2580,No,13,6,2283,sat,297
0,36,3,155,Female,4,Divorced,2835,No,22,7,2324,sat,511
0,41,2,616,Female,3,Single,6811,Yes,17,10,5821,sat,990
0,33,1,939,Male,1,Single,2799,Yes,11,6,2522,unsat,277
1,32,1,331,Male,3,Single,3730,Yes,14,4,3272,sat,458
0,45,9,1117,Female,3,Married,5593,No,13,15,4950,sat,643
1,21,7,1780,Male,2,Single,2679,No,13,1,2371,unsat,308
0,27,5,434,Female,2,Single,2478,Yes,12,4,2212,unsat,266
1,30,9,1876,Male,4,Single,1081,No,13,1,957,sat,124
0,45,26,1612,Male,1,Married,4385,No,15,10,3813,unsat,572
0,27,2,7,Male,2,Married,3468,No,12,6,3096,unsat,372
0,27,20,293,Female,3,Single,9981,No,14,7,8755,sat,1226
0,36,1,1662,Female,3,Married,4374,No,15,4,3803,sat,571
0,44,3,671,Male,4,Married,19513,Yes,12,26,17422,sat,2091
0,39,12,1654,Male,2,Married,5295,No,21,7,4376,unsat,919
0,29,3,690,Female,3,Married,5561,No,14,6,4878,sat,683
0,35,11,1137,Male,4,Divorced,4968,No,11,5,4476,sat,492
0,42,13,1803,Male,1,Married,5538,No,18,10,4693,unsat,845
0,29,2,388,Male,4,Single,4554,No,18,10,3859,sat,695
0,33,8,677,Male,3,Divorced,7104,No,12,6,6343,sat,761
0,49,1,887,Female,1,Married,3580,No,16,7,3086,unsat,494
0,32,10,722,Male,4,Single,5396,No,12,10,4818,sat,578
0,32,5,889,Male,2,Married,6524,No,14,10,5723,unsat,801
0,28,1,1315,Female,4,Married,6674,No,11,10,6013,sat,661
0,38,25,421,Female,2,Married,12061,No,17,19,10309,unsat,1752
0,45,20,2046,Female,3,Single,4850,No,15,8,4217,sat,633
0,33,10,446,Male,4,Single,4682,No,14,9,4107,sat,575
1,29,7,1299,Female,3,Divorced,3339,Yes,13,10,2955,sat,384
0,35,1,100,Male,1,Single,4312,No,14,16,3782,unsat,530
0,30,7,585,Male,2,Single,2983,No,14,4,2617,unsat,366
0,24,17,643,Male,2,Married,2127,No,21,1,1758,unsat,369
1,49,11,840,Female,4,Married,7654,No,18,9,6486,sat,1168
0,42,18,1998,Male,1,Divorced,5410,Yes,17,9,4624,unsat,786
0,31,7,941,Male,3,Married,2329,No,15,13,2025,sat,304
0,35,18,74,Male,1,Married,9069,No,22,9,7434,unsat,1635
0,55,1,1424,Male,4,Divorced,14732,No,13,31,13037,sat,1695
1,23,9,2023,Male,1,Married,1790,No,19,1,1504,unsat,286
1,23,8,1684,Male,3,Single,3989,Yes,11,5,3594,sat,395
0,36,18,1133,Male,4,Single,7779,No,20,18,6482,sat,1297
1,37,11,1033,Female,2,Married,4777,No,15,15,4154,unsat,623
0,44,1,1903,Male,1,Married,5033,No,15,10,4377,unsat,656
0,48,20,945,Male,3,Married,2259,No,17,13,1931,sat,328
0,26,28,641,Male,2,Married,6272,No,20,6,5227,unsat,1045
0,34,13,1951,Male,3,Divorced,8628,No,18,9,7312,sat,1316
0,31,8,98,Female,4,Single,4424,No,23,11,3597,sat,827
0,38,3,1036,Male,4,Single,6861,Yes,12,19,6126,sat,735
1,19,2,566,Male,4,Single,2564,No,12,1,2289,sat,275
0,42,9,1595,Male,4,Single,19613,No,22,24,16076,sat,3537
0,54,22,1665,Female,3,Married,17426,No,25,36,13941,sat,3485
0,22,8,1019,Male,1,Married,2451,No,15,4,2131,unsat,320
1,30,5,1017,Female,2,Single,2422,No,17,4,2070,unsat,352
0,23,20,1533,Male,3,Single,2272,No,14,5,1993,sat,279
0,34,3,1478,Male,1,Single,4759,No,18,15,4033,unsat,726
0,44,20,1475,Male,2,Single,3420,No,13,6,3027,unsat,393
1,34,23,590,Female,1,Divorced,9950,Yes,15,11,8652,unsat,1298
0,24,24,1173,Male,2,Single,3597,No,22,6,2948,unsat,649
0,34,5,153,Female,1,Single,11631,No,12,14,10385,unsat,1246
0,35,4,1350,Male,3,Single,4249,Yes,11,9,3828,sat,421
0,32,2,362,Male,1,Single,2176,No,13,9,1926,unsat,250
0,39,2,985,Male,3,Single,7880,No,18,9,6678,sat,1202
0,39,6,2062,Male,1,Married,9991,No,15,9,8688,unsat,1303
0,34,2,804,Female,1,Single,4381,No,11,6,3947,unsat,434
0,38,2,1805,Male,2,Divorced,2592,No,13,13,2294,unsat,298
0,59,6,321,Male,3,Married,2267,No,17,7,1938,sat,329
0,35,1,826,Female,3,Single,2506,No,13,7,2218,sat,288
0,30,23,159,Male,3,Divorced,2613,No,25,10,2090,sat,523
1,22,3,1203,Male,4,Married,2853,Yes,11,1,2570,sat,283
0,31,3,1948,Male,1,Divorced,3065,Yes,13,4,2712,unsat,353
0,35,10,1587,Female,3,Single,6142,Yes,16,10,5295,sat,847
1,19,21,959,Male,2,Single,2121,Yes,13,1,1877,unsat,244
0,41,10,1329,Male,2,Single,6151,No,13,19,5443,unsat,708
0,35,28,1596,Male,3,Married,3407,No,17,10,2912,sat,495
0,27,6,655,Female,3,Divorced,2187,No,12,6,1953,sat,234
0,26,1,1952,Male,1,Single,2867,No,13,8,2537,unsat,330
0,33,5,1395,Male,4,Married,9998,No,13,8,8848,sat,1150
0,24,10,1746,Male,4,Married,2145,No,14,3,1882,sat,263
1,26,20,1818,Female,2,Married,2148,Yes,11,6,1935,unsat,213
0,32,6,231,Male,3,Single,3038,No,20,8,2532,sat,506
0,29,19,1497,Male,3,Divorced,8620,No,14,10,7561,sat,1059
0,31,1,308,Male,3,Married,4345,No,12,6,3879,sat,466
0,27,5,844,Male,4,Divorced,12808,Yes,16,9,11041,sat,1767
0,32,5,1555,Female,2,Married,5878,No,12,12,5248,unsat,630
0,27,19,1619,Male,1,Divorced,4066,No,11,7,3663,unsat,403
0,29,9,1558,Male,3,Married,2451,No,18,5,2077,sat,374
0,29,2,469,Male,3,Married,4649,No,14,4,4078,sat,571
0,43,16,327,Female,4,Married,16064,Yes,22,22,13167,sat,2897
